home-account-end,220781
account-account-account-account-account-end,3311
account-account-account-account-account-home,906
account-account-account-account-account-other,1156
account-account-account-account-account-product,5969
account-account-account-account-account-search,692
account-account-account-account-end,7059
account-account-account-account-home-account,396
account-account-account-account-home-end,316
account-account-account-account-home-home,226
account-account-account-account-home-other,87
account-account-account-account-home-product,613
